<consegna>
  <esercizi>
    <esercizio>
      <nome>Enoteca</nome>
      <commenti>Nessun problema riscontrato</commenti>
     </esercizio>
     <esercizio>
      <nome>problem_a</nome>
      <commenti>Nessun problema riscontrato</commenti>
      <tempoesecuzione> 
      milliseconds unit=1
      1.495027600525E12==>1.495027600525E12=0.0
      milliseconds unit=1000
      1.495027600525E9==>1.495027600525E9=0.0 
      milliseconds unit=60000
      2.4917126675416667E7==>2.4917126675416667E7=0.0 
    </tempoesecuzione>
    </esercizio>
    <esercizio>
      <nome>problem_b</nome>
      <commenti>non svolto </commenti>
      <tempoesecuzione> non risolto </tempoesecuzione>
    </esercizio>
    <esercizio>
      <nome>problem_b</nome>
      <commenti>Problema a struttuarare l'algoritmo di ordinamento, con grandi numeri sembra funzionare,con numeri 
                "normali" tentenna. Problema nella latteura del file: nel tag <desc> il minore a prtto e il maggiore chiuso 
                 han dato problemi alla lettura, non ancora risolto
                  
      </commenti>
      <tempoesecuzione>milliseconds unit=1
                       1.495027448414E12==>1.495027448414E12=51.0
                       milliseconds unit=1000
                       1.495027448414E9==>1.495027448414E9=0.05099987983703613
                       milliseconds unit=60000
                       2.4917124140233334E7==>2.4917124140233334E7=8.499994874000549E-4
</tempoesecuzione>
    </esercizio>
  </esercizi>
</consegna>