<?xml version="1.0" encoding="UTF-8"?>
<order>
  <meta>
    <name>99 Problems</name>
    <desc>
      Comparing two numbers written in index form like 211 and 37 is
      not difficult, as any calculator would confirm that
      211 = 2048 < 37 = 2187.
      However, confirming that 632382518061 > 519432525806 would be
      much more difficult, as both numbers contain over three million digits.
      NOTE: The first two lines in the file represent the numbers
      in the example given above.
    </desc>
    <goals>
      <goal>Determine which power is the greatest numerical value.</goal>
      <goal>Determine which power is the lowest numerical value.</goal>
      <goal>Determine which power is the median (not average) of distribution.</goal>
    </goals>
    <link>https://projecteuler.net/problem=99</link>
  </meta>
  <candidates>
    <candiate b="519432" e="525806"/>
    <candiate b="632382" e="518061"/>
    <candiate b="78864" e="613712"/>
    <candiate b="466580" e="530130"/>
    <candiate b="780495" e="510032"/>
    <candiate b="525895" e="525320"/>
    <candiate b="15991" e="714883"/>
    <candiate b="960290" e="502358"/>
    <candiate b="760018" e="511029"/>
    <candiate b="166800" e="575487"/>
    <candiate b="210884" e="564478"/>
    <candiate b="555151" e="523163"/>
    <candiate b="681146" e="515199"/>
    <candiate b="563395" e="522587"/>
    <candiate b="738250" e="512126"/>
    <candiate b="923525" e="503780"/>
    <candiate b="595148" e="520429"/>
    <candiate b="177108" e="572629"/>
    <candiate b="750923" e="511482"/>
    <candiate b="440902" e="532446"/>
    <candiate b="881418" e="505504"/>
    <candiate b="422489" e="534197"/>
    <candiate b="979858" e="501616"/>
    <candiate b="685893" e="514935"/>
    <candiate b="747477" e="511661"/>
    <candiate b="167214" e="575367"/>
    <candiate b="234140" e="559696"/>
    <candiate b="940238" e="503122"/>
    <candiate b="728969" e="512609"/>
    <candiate b="232083" e="560102"/>
    <candiate b="900971" e="504694"/>
    <candiate b="688801" e="514772"/>
    <candiate b="189664" e="569402"/>
    <candiate b="891022" e="505104"/>
    <candiate b="445689" e="531996"/>
    <candiate b="119570" e="591871"/>
    <candiate b="821453" e="508118"/>
    <candiate b="371084" e="539600"/>
    <candiate b="911745" e="504251"/>
    <candiate b="623655" e="518600"/>
    <candiate b="144361" e="582486"/>
    <candiate b="352442" e="541775"/>
    <candiate b="420726" e="534367"/>
    <candiate b="295298" e="549387"/>
    <candiate b="6530" e="787777"/>
    <candiate b="468397" e="529976"/>
    <candiate b="672336" e="515696"/>
    <candiate b="431861" e="533289"/>
    <candiate b="84228" e="610150"/>
    <candiate b="805376" e="508857"/>
    <candiate b="444409" e="532117"/>
    <candiate b="33833" e="663511"/>
    <candiate b="381850" e="538396"/>
    <candiate b="402931" e="536157"/>
    <candiate b="92901" e="604930"/>
    <candiate b="304825" e="548004"/>
    <candiate b="731917" e="512452"/>
    <candiate b="753734" e="511344"/>
    <candiate b="51894" e="637373"/>
    <candiate b="151578" e="580103"/>
    <candiate b="295075" e="549421"/>
    <candiate b="303590" e="548183"/>
    <candiate b="333594" e="544123"/>
    <candiate b="683952" e="515042"/>
    <candiate b="60090" e="628880"/>
    <candiate b="951420" e="502692"/>
    <candiate b="28335" e="674991"/>
    <candiate b="714940" e="513349"/>
    <candiate b="343858" e="542826"/>
    <candiate b="549279" e="523586"/>
    <candiate b="804571" e="508887"/>
    <candiate b="260653" e="554881"/>
    <candiate b="291399" e="549966"/>
    <candiate b="402342" e="536213"/>
    <candiate b="408889" e="535550"/>
    <candiate b="40328" e="652524"/>
    <candiate b="375856" e="539061"/>
    <candiate b="768907" e="510590"/>
    <candiate b="165993" e="575715"/>
    <candiate b="976327" e="501755"/>
    <candiate b="898500" e="504795"/>
    <candiate b="360404" e="540830"/>
    <candiate b="478714" e="529095"/>
    <candiate b="694144" e="514472"/>
    <candiate b="488726" e="528258"/>
    <candiate b="841380" e="507226"/>
    <candiate b="328012" e="544839"/>
    <candiate b="22389" e="690868"/>
    <candiate b="604053" e="519852"/>
    <candiate b="329514" e="544641"/>
    <candiate b="772965" e="510390"/>
    <candiate b="492798" e="527927"/>
    <candiate b="30125" e="670983"/>
    <candiate b="895603" e="504906"/>
    <candiate b="450785" e="531539"/>
    <candiate b="840237" e="507276"/>
    <candiate b="380711" e="538522"/>
    <candiate b="63577" e="625673"/>
    <candiate b="76801" e="615157"/>
    <candiate b="502694" e="527123"/>
    <candiate b="597706" e="520257"/>
    <candiate b="310484" e="547206"/>
    <candiate b="944468" e="502959"/>
    <candiate b="121283" e="591152"/>
    <candiate b="451131" e="531507"/>
    <candiate b="566499" e="522367"/>
    <candiate b="425373" e="533918"/>
    <candiate b="40240" e="652665"/>
    <candiate b="39130" e="654392"/>
    <candiate b="714926" e="513355"/>
    <candiate b="469219" e="529903"/>
    <candiate b="806929" e="508783"/>
    <candiate b="287970" e="550487"/>
    <candiate b="92189" e="605332"/>
    <candiate b="103841" e="599094"/>
    <candiate b="671839" e="515725"/>
    <candiate b="452048" e="531421"/>
    <candiate b="987837" e="501323"/>
    <candiate b="935192" e="503321"/>
    <candiate b="88585" e="607450"/>
    <candiate b="613883" e="519216"/>
    <candiate b="144551" e="582413"/>
    <candiate b="647359" e="517155"/>
    <candiate b="213902" e="563816"/>
    <candiate b="184120" e="570789"/>
    <candiate b="258126" e="555322"/>
    <candiate b="502546" e="527130"/>
    <candiate b="407655" e="535678"/>
    <candiate b="401528" e="536306"/>
    <candiate b="477490" e="529193"/>
    <candiate b="841085" e="507237"/>
    <candiate b="732831" e="512408"/>
    <candiate b="833000" e="507595"/>
    <candiate b="904694" e="504542"/>
    <candiate b="581435" e="521348"/>
    <candiate b="455545" e="531110"/>
    <candiate b="873558" e="505829"/>
    <candiate b="94916" e="603796"/>
    <candiate b="720176" e="513068"/>
    <candiate b="545034" e="523891"/>
    <candiate b="246348" e="557409"/>
    <candiate b="556452" e="523079"/>
    <candiate b="832015" e="507634"/>
    <candiate b="173663" e="573564"/>
    <candiate b="502634" e="527125"/>
    <candiate b="250732" e="556611"/>
    <candiate b="569786" e="522139"/>
    <candiate b="216919" e="563178"/>
    <candiate b="521815" e="525623"/>
    <candiate b="92304" e="605270"/>
    <candiate b="164446" e="576167"/>
    <candiate b="753413" e="511364"/>
    <candiate b="11410" e="740712"/>
    <candiate b="448845" e="531712"/>
    <candiate b="925072" e="503725"/>
    <candiate b="564888" e="522477"/>
    <candiate b="7062" e="780812"/>
    <candiate b="641155" e="517535"/>
    <candiate b="738878" e="512100"/>
    <candiate b="636204" e="517828"/>
    <candiate b="372540" e="539436"/>
    <candiate b="443162" e="532237"/>
    <candiate b="571192" e="522042"/>
    <candiate b="655350" e="516680"/>
    <candiate b="299741" e="548735"/>
    <candiate b="581914" e="521307"/>
    <candiate b="965471" e="502156"/>
    <candiate b="513441" e="526277"/>
    <candiate b="808682" e="508700"/>
    <candiate b="237589" e="559034"/>
    <candiate b="543300" e="524025"/>
    <candiate b="804712" e="508889"/>
    <candiate b="247511" e="557192"/>
    <candiate b="543486" e="524008"/>
    <candiate b="504383" e="526992"/>
    <candiate b="326529" e="545039"/>
    <candiate b="792493" e="509458"/>
    <candiate b="86033" e="609017"/>
    <candiate b="126554" e="589005"/>
    <candiate b="579379" e="521481"/>
    <candiate b="948026" e="502823"/>
    <candiate b="404777" e="535969"/>
    <candiate b="265767" e="554022"/>
    <candiate b="266876" e="553840"/>
    <candiate b="46631" e="643714"/>
    <candiate b="492397" e="527958"/>
    <candiate b="856106" e="506581"/>
    <candiate b="795757" e="509305"/>
    <candiate b="748946" e="511584"/>
    <candiate b="294694" e="549480"/>
    <candiate b="409781" e="535463"/>
    <candiate b="775887" e="510253"/>
    <candiate b="543747" e="523991"/>
    <candiate b="210592" e="564536"/>
    <candiate b="517119" e="525990"/>
    <candiate b="520253" e="525751"/>
    <candiate b="247926" e="557124"/>
    <candiate b="592141" e="520626"/>
    <candiate b="346580" e="542492"/>
    <candiate b="544969" e="523902"/>
    <candiate b="506501" e="526817"/>
    <candiate b="244520" e="557738"/>
    <candiate b="144745" e="582349"/>
    <candiate b="69274" e="620858"/>
    <candiate b="292620" e="549784"/>
    <candiate b="926027" e="503687"/>
    <candiate b="736320" e="512225"/>
    <candiate b="515528" e="526113"/>
    <candiate b="407549" e="535688"/>
    <candiate b="848089" e="506927"/>
    <candiate b="24141" e="685711"/>
    <candiate b="9224" e="757964"/>
    <candiate b="980684" e="501586"/>
    <candiate b="175259" e="573121"/>
    <candiate b="489160" e="528216"/>
    <candiate b="878970" e="505604"/>
    <candiate b="969546" e="502002"/>
    <candiate b="525207" e="525365"/>
    <candiate b="690461" e="514675"/>
    <candiate b="156510" e="578551"/>
    <candiate b="659778" e="516426"/>
    <candiate b="468739" e="529945"/>
    <candiate b="765252" e="510770"/>
    <candiate b="76703" e="615230"/>
    <candiate b="165151" e="575959"/>
    <candiate b="29779" e="671736"/>
    <candiate b="928865" e="503569"/>
    <candiate b="577538" e="521605"/>
    <candiate b="927555" e="503618"/>
    <candiate b="185377" e="570477"/>
    <candiate b="974756" e="501809"/>
    <candiate b="800130" e="509093"/>
    <candiate b="217016" e="563153"/>
    <candiate b="365709" e="540216"/>
    <candiate b="774508" e="510320"/>
    <candiate b="588716" e="520851"/>
    <candiate b="631673" e="518104"/>
    <candiate b="954076" e="502590"/>
    <candiate b="777828" e="510161"/>
    <candiate b="990659" e="501222"/>
    <candiate b="597799" e="520254"/>
    <candiate b="786905" e="509727"/>
    <candiate b="512547" e="526348"/>
    <candiate b="756449" e="511212"/>
    <candiate b="869787" e="505988"/>
    <candiate b="653747" e="516779"/>
    <candiate b="84623" e="609900"/>
    <candiate b="839698" e="507295"/>
    <candiate b="30159" e="670909"/>
    <candiate b="797275" e="509234"/>
    <candiate b="678136" e="515373"/>
    <candiate b="897144" e="504851"/>
    <candiate b="989554" e="501263"/>
    <candiate b="413292" e="535106"/>
    <candiate b="55297" e="633667"/>
    <candiate b="788650" e="509637"/>
    <candiate b="486748" e="528417"/>
    <candiate b="150724" e="580377"/>
    <candiate b="56434" e="632490"/>
    <candiate b="77207" e="614869"/>
    <candiate b="588631" e="520859"/>
    <candiate b="611619" e="519367"/>
    <candiate b="100006" e="601055"/>
    <candiate b="528924" e="525093"/>
    <candiate b="190225" e="569257"/>
    <candiate b="851155" e="506789"/>
    <candiate b="682593" e="515114"/>
    <candiate b="613043" e="519275"/>
    <candiate b="514673" e="526183"/>
    <candiate b="877634" e="505655"/>
    <candiate b="878905" e="505602"/>
    <candiate b="1926" e="914951"/>
    <candiate b="613245" e="519259"/>
    <candiate b="152481" e="579816"/>
    <candiate b="841774" e="507203"/>
    <candiate b="71060" e="619442"/>
    <candiate b="865335" e="506175"/>
    <candiate b="90244" e="606469"/>
    <candiate b="302156" e="548388"/>
    <candiate b="399059" e="536557"/>
    <candiate b="478465" e="529113"/>
    <candiate b="558601" e="522925"/>
    <candiate b="69132" e="620966"/>
    <candiate b="267663" e="553700"/>
    <candiate b="988276" e="501310"/>
    <candiate b="378354" e="538787"/>
    <candiate b="529909" e="525014"/>
    <candiate b="161733" e="576968"/>
    <candiate b="758541" e="511109"/>
    <candiate b="823425" e="508024"/>
    <candiate b="149821" e="580667"/>
    <candiate b="269258" e="553438"/>
    <candiate b="481152" e="528891"/>
    <candiate b="120871" e="591322"/>
    <candiate b="972322" e="501901"/>
    <candiate b="981350" e="501567"/>
    <candiate b="676129" e="515483"/>
    <candiate b="950860" e="502717"/>
    <candiate b="119000" e="592114"/>
    <candiate b="392252" e="537272"/>
    <candiate b="191618" e="568919"/>
    <candiate b="946699" e="502874"/>
    <candiate b="289555" e="550247"/>
    <candiate b="799322" e="509139"/>
    <candiate b="703886" e="513942"/>
    <candiate b="194812" e="568143"/>
    <candiate b="261823" e="554685"/>
    <candiate b="203052" e="566221"/>
    <candiate b="217330" e="563093"/>
    <candiate b="734748" e="512313"/>
    <candiate b="391759" e="537328"/>
    <candiate b="807052" e="508777"/>
    <candiate b="564467" e="522510"/>
    <candiate b="59186" e="629748"/>
    <candiate b="113447" e="594545"/>
    <candiate b="518063" e="525916"/>
    <candiate b="905944" e="504492"/>
    <candiate b="613922" e="519213"/>
    <candiate b="439093" e="532607"/>
    <candiate b="445946" e="531981"/>
    <candiate b="230530" e="560399"/>
    <candiate b="297887" e="549007"/>
    <candiate b="459029" e="530797"/>
    <candiate b="403692" e="536075"/>
    <candiate b="855118" e="506616"/>
    <candiate b="963127" e="502245"/>
    <candiate b="841711" e="507208"/>
    <candiate b="407411" e="535699"/>
    <candiate b="924729" e="503735"/>
    <candiate b="914823" e="504132"/>
    <candiate b="333725" e="544101"/>
    <candiate b="176345" e="572832"/>
    <candiate b="912507" e="504225"/>
    <candiate b="411273" e="535308"/>
    <candiate b="259774" e="555036"/>
    <candiate b="632853" e="518038"/>
    <candiate b="119723" e="591801"/>
    <candiate b="163902" e="576321"/>
    <candiate b="22691" e="689944"/>
    <candiate b="402427" e="536212"/>
    <candiate b="175769" e="572988"/>
    <candiate b="837260" e="507402"/>
    <candiate b="603432" e="519893"/>
    <candiate b="313679" e="546767"/>
    <candiate b="538165" e="524394"/>
    <candiate b="549026" e="523608"/>
    <candiate b="61083" e="627945"/>
    <candiate b="898345" e="504798"/>
    <candiate b="992556" e="501153"/>
    <candiate b="369999" e="539727"/>
    <candiate b="32847" e="665404"/>
    <candiate b="891292" e="505088"/>
    <candiate b="152715" e="579732"/>
    <candiate b="824104" e="507997"/>
    <candiate b="234057" e="559711"/>
    <candiate b="730507" e="512532"/>
    <candiate b="960529" e="502340"/>
    <candiate b="388395" e="537687"/>
    <candiate b="958170" e="502437"/>
    <candiate b="57105" e="631806"/>
    <candiate b="186025" e="570311"/>
    <candiate b="993043" e="501133"/>
    <candiate b="576770" e="521664"/>
    <candiate b="215319" e="563513"/>
    <candiate b="927342" e="503628"/>
    <candiate b="521353" e="525666"/>
    <candiate b="39563" e="653705"/>
    <candiate b="752516" e="511408"/>
    <candiate b="110755" e="595770"/>
    <candiate b="309749" e="547305"/>
    <candiate b="374379" e="539224"/>
    <candiate b="919184" e="503952"/>
    <candiate b="990652" e="501226"/>
    <candiate b="647780" e="517135"/>
    <candiate b="187177" e="570017"/>
    <candiate b="168938" e="574877"/>
    <candiate b="649558" e="517023"/>
    <candiate b="278126" e="552016"/>
    <candiate b="162039" e="576868"/>
    <candiate b="658512" e="516499"/>
    <candiate b="498115" e="527486"/>
    <candiate b="896583" e="504868"/>
    <candiate b="561170" e="522740"/>
    <candiate b="747772" e="511647"/>
    <candiate b="775093" e="510294"/>
    <candiate b="652081" e="516882"/>
    <candiate b="724905" e="512824"/>
    <candiate b="499707" e="527365"/>
    <candiate b="47388" e="642755"/>
    <candiate b="646668" e="517204"/>
    <candiate b="571700" e="522007"/>
    <candiate b="180430" e="571747"/>
    <candiate b="710015" e="513617"/>
    <candiate b="435522" e="532941"/>
    <candiate b="98137" e="602041"/>
    <candiate b="759176" e="511070"/>
    <candiate b="486124" e="528467"/>
    <candiate b="526942" e="525236"/>
    <candiate b="878921" e="505604"/>
    <candiate b="408313" e="535602"/>
    <candiate b="926980" e="503640"/>
    <candiate b="882353" e="505459"/>
    <candiate b="566887" e="522345"/>
    <candiate b="3326" e="853312"/>
    <candiate b="911981" e="504248"/>
    <candiate b="416309" e="534800"/>
    <candiate b="392991" e="537199"/>
    <candiate b="622829" e="518651"/>
    <candiate b="148647" e="581055"/>
    <candiate b="496483" e="527624"/>
    <candiate b="666314" e="516044"/>
    <candiate b="48562" e="641293"/>
    <candiate b="672618" e="515684"/>
    <candiate b="443676" e="532187"/>
    <candiate b="274065" e="552661"/>
    <candiate b="265386" e="554079"/>
    <candiate b="347668" e="542358"/>
    <candiate b="31816" e="667448"/>
    <candiate b="181575" e="571446"/>
    <candiate b="961289" e="502320"/>
    <candiate b="365689" e="540214"/>
    <candiate b="987950" e="501317"/>
    <candiate b="932299" e="503440"/>
    <candiate b="27388" e="677243"/>
    <candiate b="746701" e="511701"/>
    <candiate b="492258" e="527969"/>
    <candiate b="147823" e="581323"/>
    <candiate b="57918" e="630985"/>
    <candiate b="838849" e="507333"/>
    <candiate b="678038" e="515375"/>
    <candiate b="27852" e="676130"/>
    <candiate b="850241" e="506828"/>
    <candiate b="818403" e="508253"/>
    <candiate b="131717" e="587014"/>
    <candiate b="850216" e="506834"/>
    <candiate b="904848" e="504529"/>
    <candiate b="189758" e="569380"/>
    <candiate b="392845" e="537217"/>
    <candiate b="470876" e="529761"/>
    <candiate b="925353" e="503711"/>
    <candiate b="285431" e="550877"/>
    <candiate b="454098" e="531234"/>
    <candiate b="823910" e="508003"/>
    <candiate b="318493" e="546112"/>
    <candiate b="766067" e="510730"/>
    <candiate b="261277" e="554775"/>
    <candiate b="421530" e="534289"/>
    <candiate b="694130" e="514478"/>
    <candiate b="120439" e="591498"/>
    <candiate b="213308" e="563949"/>
    <candiate b="854063" e="506662"/>
    <candiate b="365255" e="540263"/>
    <candiate b="165437" e="575872"/>
    <candiate b="662240" e="516281"/>
    <candiate b="289970" e="550181"/>
    <candiate b="847977" e="506933"/>
    <candiate b="546083" e="523816"/>
    <candiate b="413252" e="535113"/>
    <candiate b="975829" e="501767"/>
    <candiate b="361540" e="540701"/>
    <candiate b="235522" e="559435"/>
    <candiate b="224643" e="561577"/>
    <candiate b="736350" e="512229"/>
    <candiate b="328303" e="544808"/>
    <candiate b="35022" e="661330"/>
    <candiate b="307838" e="547578"/>
    <candiate b="474366" e="529458"/>
    <candiate b="873755" e="505819"/>
    <candiate b="73978" e="617220"/>
    <candiate b="827387" e="507845"/>
    <candiate b="670830" e="515791"/>
    <candiate b="326511" e="545034"/>
    <candiate b="309909" e="547285"/>
    <candiate b="400970" e="536363"/>
    <candiate b="884827" e="505352"/>
    <candiate b="718307" e="513175"/>
    <candiate b="28462" e="674699"/>
    <candiate b="599384" e="520150"/>
    <candiate b="253565" e="556111"/>
    <candiate b="284009" e="551093"/>
    <candiate b="343403" e="542876"/>
    <candiate b="446557" e="531921"/>
    <candiate b="992372" e="501160"/>
    <candiate b="961601" e="502308"/>
    <candiate b="696629" e="514342"/>
    <candiate b="919537" e="503945"/>
    <candiate b="894709" e="504944"/>
    <candiate b="892201" e="505051"/>
    <candiate b="358160" e="541097"/>
    <candiate b="448503" e="531745"/>
    <candiate b="832156" e="507636"/>
    <candiate b="920045" e="503924"/>
    <candiate b="926137" e="503675"/>
    <candiate b="416754" e="534757"/>
    <candiate b="254422" e="555966"/>
    <candiate b="92498" e="605151"/>
    <candiate b="826833" e="507873"/>
    <candiate b="660716" e="516371"/>
    <candiate b="689335" e="514746"/>
    <candiate b="160045" e="577467"/>
    <candiate b="814642" e="508425"/>
    <candiate b="969939" e="501993"/>
    <candiate b="242856" e="558047"/>
    <candiate b="76302" e="615517"/>
    <candiate b="472083" e="529653"/>
    <candiate b="587101" e="520964"/>
    <candiate b="99066" e="601543"/>
    <candiate b="498005" e="527503"/>
    <candiate b="709800" e="513624"/>
    <candiate b="708000" e="513716"/>
    <candiate b="20171" e="698134"/>
    <candiate b="285020" e="550936"/>
    <candiate b="266564" e="553891"/>
    <candiate b="981563" e="501557"/>
    <candiate b="846502" e="506991"/>
    <candiate b="334" e="1190800"/>
    <candiate b="209268" e="564829"/>
    <candiate b="9844" e="752610"/>
    <candiate b="996519" e="501007"/>
    <candiate b="410059" e="535426"/>
    <candiate b="432931" e="533188"/>
    <candiate b="848012" e="506929"/>
    <candiate b="966803" e="502110"/>
    <candiate b="983434" e="501486"/>
    <candiate b="160700" e="577267"/>
    <candiate b="504374" e="526989"/>
    <candiate b="832061" e="507640"/>
    <candiate b="392825" e="537214"/>
    <candiate b="443842" e="532165"/>
    <candiate b="440352" e="532492"/>
    <candiate b="745125" e="511776"/>
    <candiate b="13718" e="726392"/>
    <candiate b="661753" e="516312"/>
    <candiate b="70500" e="619875"/>
    <candiate b="436952" e="532814"/>
    <candiate b="424724" e="533973"/>
    <candiate b="21954" e="692224"/>
    <candiate b="262490" e="554567"/>
    <candiate b="716622" e="513264"/>
    <candiate b="907584" e="504425"/>
    <candiate b="60086" e="628882"/>
    <candiate b="837123" e="507412"/>
    <candiate b="971345" e="501940"/>
    <candiate b="947162" e="502855"/>
    <candiate b="139920" e="584021"/>
    <candiate b="68330" e="621624"/>
    <candiate b="666452" e="516038"/>
    <candiate b="731446" e="512481"/>
    <candiate b="953350" e="502619"/>
    <candiate b="183157" e="571042"/>
    <candiate b="845400" e="507045"/>
    <candiate b="651548" e="516910"/>
    <candiate b="20399" e="697344"/>
    <candiate b="861779" e="506331"/>
    <candiate b="629771" e="518229"/>
    <candiate b="801706" e="509026"/>
    <candiate b="189207" e="569512"/>
    <candiate b="737501" e="512168"/>
    <candiate b="719272" e="513115"/>
    <candiate b="479285" e="529045"/>
    <candiate b="136046" e="585401"/>
    <candiate b="896746" e="504860"/>
    <candiate b="891735" e="505067"/>
    <candiate b="684771" e="514999"/>
    <candiate b="865309" e="506184"/>
    <candiate b="379066" e="538702"/>
    <candiate b="503117" e="527090"/>
    <candiate b="621780" e="518717"/>
    <candiate b="209518" e="564775"/>
    <candiate b="677135" e="515423"/>
    <candiate b="987500" e="501340"/>
    <candiate b="197049" e="567613"/>
    <candiate b="329315" e="544673"/>
    <candiate b="236756" e="559196"/>
    <candiate b="357092" e="541226"/>
    <candiate b="520440" e="525733"/>
    <candiate b="213471" e="563911"/>
    <candiate b="956852" e="502490"/>
    <candiate b="702223" e="514032"/>
    <candiate b="404943" e="535955"/>
    <candiate b="178880" e="572152"/>
    <candiate b="689477" e="514734"/>
    <candiate b="691351" e="514630"/>
    <candiate b="866669" e="506128"/>
    <candiate b="370561" e="539656"/>
    <candiate b="739805" e="512051"/>
    <candiate b="71060" e="619441"/>
    <candiate b="624861" e="518534"/>
    <candiate b="261660" e="554714"/>
    <candiate b="366137" e="540160"/>
    <candiate b="166054" e="575698"/>
    <candiate b="601878" e="519990"/>
    <candiate b="153445" e="579501"/>
    <candiate b="279899" e="551729"/>
    <candiate b="379166" e="538691"/>
    <candiate b="423209" e="534125"/>
    <candiate b="675310" e="515526"/>
    <candiate b="145641" e="582050"/>
    <candiate b="691353" e="514627"/>
    <candiate b="917468" e="504026"/>
    <candiate b="284778" e="550976"/>
    <candiate b="81040" e="612235"/>
    <candiate b="161699" e="576978"/>
    <candiate b="616394" e="519057"/>
    <candiate b="767490" e="510661"/>
    <candiate b="156896" e="578431"/>
    <candiate b="427408" e="533714"/>
    <candiate b="254849" e="555884"/>
    <candiate b="737217" e="512182"/>
    <candiate b="897133" e="504851"/>
    <candiate b="203815" e="566051"/>
    <candiate b="270822" e="553189"/>
    <candiate b="135854" e="585475"/>
    <candiate b="778805" e="510111"/>
    <candiate b="784373" e="509847"/>
    <candiate b="305426" e="547921"/>
    <candiate b="733418" e="512375"/>
    <candiate b="732087" e="512448"/>
    <candiate b="540668" e="524215"/>
    <candiate b="702898" e="513996"/>
    <candiate b="628057" e="518328"/>
    <candiate b="640280" e="517587"/>
    <candiate b="422405" e="534204"/>
    <candiate b="10604" e="746569"/>
    <candiate b="746038" e="511733"/>
    <candiate b="839808" e="507293"/>
    <candiate b="457417" e="530938"/>
    <candiate b="479030" e="529064"/>
    <candiate b="341758" e="543090"/>
    <candiate b="620223" e="518824"/>
    <candiate b="251661" e="556451"/>
    <candiate b="561790" e="522696"/>
    <candiate b="497733" e="527521"/>
    <candiate b="724201" e="512863"/>
    <candiate b="489217" e="528217"/>
    <candiate b="415623" e="534867"/>
    <candiate b="624610" e="518548"/>
    <candiate b="847541" e="506953"/>
    <candiate b="432295" e="533249"/>
    <candiate b="400391" e="536421"/>
    <candiate b="961158" e="502319"/>
    <candiate b="139173" e="584284"/>
    <candiate b="421225" e="534315"/>
    <candiate b="579083" e="521501"/>
    <candiate b="74274" e="617000"/>
    <candiate b="701142" e="514087"/>
    <candiate b="374465" e="539219"/>
    <candiate b="217814" e="562985"/>
    <candiate b="358972" e="540995"/>
    <candiate b="88629" e="607424"/>
    <candiate b="288597" e="550389"/>
    <candiate b="285819" e="550812"/>
    <candiate b="538400" e="524385"/>
    <candiate b="809930" e="508645"/>
    <candiate b="738326" e="512126"/>
    <candiate b="955461" e="502535"/>
    <candiate b="163829" e="576343"/>
    <candiate b="826475" e="507891"/>
    <candiate b="376488" e="538987"/>
    <candiate b="102234" e="599905"/>
    <candiate b="114650" e="594002"/>
    <candiate b="52815" e="636341"/>
    <candiate b="434037" e="533082"/>
    <candiate b="804744" e="508880"/>
    <candiate b="98385" e="601905"/>
    <candiate b="856620" e="506559"/>
    <candiate b="220057" e="562517"/>
    <candiate b="844734" e="507078"/>
    <candiate b="150677" e="580387"/>
    <candiate b="558697" e="522917"/>
    <candiate b="621751" e="518719"/>
    <candiate b="207067" e="565321"/>
    <candiate b="135297" e="585677"/>
    <candiate b="932968" e="503404"/>
    <candiate b="604456" e="519822"/>
    <candiate b="579728" e="521462"/>
    <candiate b="244138" e="557813"/>
    <candiate b="706487" e="513800"/>
    <candiate b="711627" e="513523"/>
    <candiate b="853833" e="506674"/>
    <candiate b="497220" e="527562"/>
    <candiate b="59428" e="629511"/>
    <candiate b="564845" e="522486"/>
    <candiate b="623621" e="518603"/>
    <candiate b="242689" e="558077"/>
    <candiate b="125091" e="589591"/>
    <candiate b="363819" e="540432"/>
    <candiate b="686453" e="514901"/>
    <candiate b="656813" e="516594"/>
    <candiate b="489901" e="528155"/>
    <candiate b="386380" e="537905"/>
    <candiate b="542819" e="524052"/>
    <candiate b="243987" e="557841"/>
    <candiate b="693412" e="514514"/>
    <candiate b="488484" e="528271"/>
    <candiate b="896331" e="504881"/>
    <candiate b="336730" e="543721"/>
    <candiate b="728298" e="512647"/>
    <candiate b="604215" e="519840"/>
    <candiate b="153729" e="579413"/>
    <candiate b="595687" e="520398"/>
    <candiate b="540360" e="524240"/>
    <candiate b="245779" e="557511"/>
    <candiate b="924873" e="503730"/>
    <candiate b="509628" e="526577"/>
    <candiate b="528523" e="525122"/>
    <candiate b="3509" e="847707"/>
    <candiate b="522756" e="525555"/>
    <candiate b="895447" e="504922"/>
    <candiate b="44840" e="646067"/>
    <candiate b="45860" e="644715"/>
    <candiate b="463487" e="530404"/>
    <candiate b="398164" e="536654"/>
    <candiate b="894483" e="504959"/>
    <candiate b="619415" e="518874"/>
    <candiate b="966306" e="502129"/>
    <candiate b="990922" e="501212"/>
    <candiate b="835756" e="507474"/>
    <candiate b="548881" e="523618"/>
    <candiate b="453578" e="531282"/>
    <candiate b="474993" e="529410"/>
    <candiate b="80085" e="612879"/>
    <candiate b="737091" e="512193"/>
    <candiate b="50789" e="638638"/>
    <candiate b="979768" e="501620"/>
    <candiate b="792018" e="509483"/>
    <candiate b="665001" e="516122"/>
    <candiate b="86552" e="608694"/>
    <candiate b="462772" e="530469"/>
    <candiate b="589233" e="520821"/>
    <candiate b="891694" e="505072"/>
    <candiate b="592605" e="520594"/>
    <candiate b="209645" e="564741"/>
    <candiate b="42531" e="649269"/>
    <candiate b="554376" e="523226"/>
    <candiate b="803814" e="508929"/>
    <candiate b="334157" e="544042"/>
    <candiate b="175836" e="572970"/>
    <candiate b="868379" e="506051"/>
    <candiate b="658166" e="516520"/>
    <candiate b="278203" e="551995"/>
    <candiate b="966198" e="502126"/>
    <candiate b="627162" e="518387"/>
    <candiate b="296774" e="549165"/>
    <candiate b="311803" e="547027"/>
    <candiate b="843797" e="507118"/>
    <candiate b="702304" e="514032"/>
    <candiate b="563875" e="522553"/>
    <candiate b="33103" e="664910"/>
    <candiate b="191932" e="568841"/>
    <candiate b="543514" e="524006"/>
    <candiate b="506835" e="526794"/>
    <candiate b="868368" e="506052"/>
    <candiate b="847025" e="506971"/>
    <candiate b="678623" e="515342"/>
    <candiate b="876139" e="505726"/>
    <candiate b="571997" e="521984"/>
    <candiate b="598632" e="520198"/>
    <candiate b="213590" e="563892"/>
    <candiate b="625404" e="518497"/>
    <candiate b="726508" e="512738"/>
    <candiate b="689426" e="514738"/>
    <candiate b="332495" e="544264"/>
    <candiate b="411366" e="535302"/>
    <candiate b="242546" e="558110"/>
    <candiate b="315209" e="546555"/>
    <candiate b="797544" e="509219"/>
    <candiate b="93889" e="604371"/>
    <candiate b="858879" e="506454"/>
    <candiate b="124906" e="589666"/>
    <candiate b="449072" e="531693"/>
    <candiate b="235960" e="559345"/>
    <candiate b="642403" e="517454"/>
    <candiate b="720567" e="513047"/>
    <candiate b="705534" e="513858"/>
    <candiate b="603692" e="519870"/>
    <candiate b="488137" e="528302"/>
    <candiate b="157370" e="578285"/>
    <candiate b="63515" e="625730"/>
    <candiate b="666326" e="516041"/>
    <candiate b="619226" e="518883"/>
    <candiate b="443613" e="532186"/>
    <candiate b="597717" e="520257"/>
    <candiate b="96225" e="603069"/>
    <candiate b="86940" e="608450"/>
    <candiate b="40725" e="651929"/>
    <candiate b="460976" e="530625"/>
    <candiate b="268875" e="553508"/>
    <candiate b="270671" e="553214"/>
    <candiate b="363254" e="540500"/>
    <candiate b="384248" e="538137"/>
    <candiate b="762889" e="510892"/>
    <candiate b="377941" e="538833"/>
    <candiate b="278878" e="551890"/>
    <candiate b="176615" e="572755"/>
    <candiate b="860008" e="506412"/>
    <candiate b="944392" e="502967"/>
    <candiate b="608395" e="519571"/>
    <candiate b="225283" e="561450"/>
    <candiate b="45095" e="645728"/>
    <candiate b="333798" e="544090"/>
    <candiate b="625733" e="518476"/>
    <candiate b="995584" e="501037"/>
    <candiate b="506135" e="526853"/>
    <candiate b="238050" e="558952"/>
    <candiate b="557943" e="522972"/>
    <candiate b="530978" e="524938"/>
    <candiate b="634244" e="517949"/>
    <candiate b="177168" e="572616"/>
    <candiate b="85200" e="609541"/>
    <candiate b="953043" e="502630"/>
    <candiate b="523661" e="525484"/>
    <candiate b="999295" e="500902"/>
    <candiate b="840803" e="507246"/>
    <candiate b="961490" e="502312"/>
    <candiate b="471747" e="529685"/>
    <candiate b="380705" e="538523"/>
    <candiate b="911180" e="504275"/>
    <candiate b="334149" e="544046"/>
    <candiate b="478992" e="529065"/>
    <candiate b="325789" e="545133"/>
    <candiate b="335884" e="543826"/>
    <candiate b="426976" e="533760"/>
    <candiate b="749007" e="511582"/>
    <candiate b="667067" e="516000"/>
    <candiate b="607586" e="519623"/>
    <candiate b="674054" e="515599"/>
    <candiate b="188534" e="569675"/>
    <candiate b="565185" e="522464"/>
    <candiate b="172090" e="573988"/>
    <candiate b="87592" e="608052"/>
    <candiate b="907432" e="504424"/>
    <candiate b="8912" e="760841"/>
    <candiate b="928318" e="503590"/>
    <candiate b="757917" e="511138"/>
    <candiate b="718693" e="513153"/>
    <candiate b="315141" e="546566"/>
    <candiate b="728326" e="512645"/>
    <candiate b="353492" e="541647"/>
    <candiate b="638429" e="517695"/>
    <candiate b="628892" e="518280"/>
    <candiate b="877286" e="505672"/>
    <candiate b="620895" e="518778"/>
    <candiate b="385878" e="537959"/>
    <candiate b="423311" e="534113"/>
    <candiate b="633501" e="517997"/>
    <candiate b="884833" e="505360"/>
    <candiate b="883402" e="505416"/>
    <candiate b="999665" e="500894"/>
    <candiate b="708395" e="513697"/>
    <candiate b="548142" e="523667"/>
    <candiate b="756491" e="511205"/>
    <candiate b="987352" e="501340"/>
    <candiate b="766520" e="510705"/>
    <candiate b="591775" e="520647"/>
    <candiate b="833758" e="507563"/>
    <candiate b="843890" e="507108"/>
    <candiate b="925551" e="503698"/>
    <candiate b="74816" e="616598"/>
    <candiate b="646942" e="517187"/>
    <candiate b="354923" e="541481"/>
    <candiate b="256291" e="555638"/>
    <candiate b="634470" e="517942"/>
    <candiate b="930904" e="503494"/>
    <candiate b="134221" e="586071"/>
    <candiate b="282663" e="551304"/>
    <candiate b="986070" e="501394"/>
    <candiate b="123636" e="590176"/>
    <candiate b="123678" e="590164"/>
    <candiate b="481717" e="528841"/>
    <candiate b="423076" e="534137"/>
    <candiate b="866246" e="506145"/>
    <candiate b="93313" e="604697"/>
    <candiate b="783632" e="509880"/>
    <candiate b="317066" e="546304"/>
    <candiate b="502977" e="527103"/>
    <candiate b="141272" e="583545"/>
    <candiate b="71708" e="618938"/>
    <candiate b="617748" e="518975"/>
    <candiate b="581190" e="521362"/>
    <candiate b="193824" e="568382"/>
    <candiate b="682368" e="515131"/>
    <candiate b="352956" e="541712"/>
    <candiate b="351375" e="541905"/>
    <candiate b="505362" e="526909"/>
    <candiate b="905165" e="504518"/>
    <candiate b="128645" e="588188"/>
    <candiate b="267143" e="553787"/>
    <candiate b="158409" e="577965"/>
    <candiate b="482776" e="528754"/>
    <candiate b="628896" e="518282"/>
    <candiate b="485233" e="528547"/>
    <candiate b="563606" e="522574"/>
    <candiate b="111001" e="595655"/>
    <candiate b="115920" e="593445"/>
    <candiate b="365510" e="540237"/>
    <candiate b="959724" e="502374"/>
    <candiate b="938763" e="503184"/>
    <candiate b="930044" e="503520"/>
    <candiate b="970959" e="501956"/>
    <candiate b="913658" e="504176"/>
    <candiate b="68117" e="621790"/>
    <candiate b="989729" e="501253"/>
    <candiate b="567697" e="522288"/>
    <candiate b="820427" e="508163"/>
    <candiate b="54236" e="634794"/>
    <candiate b="291557" e="549938"/>
    <candiate b="124961" e="589646"/>
    <candiate b="403177" e="536130"/>
    <candiate b="405421" e="535899"/>
    <candiate b="410233" e="535417"/>
    <candiate b="815111" e="508403"/>
    <candiate b="213176" e="563974"/>
    <candiate b="83099" e="610879"/>
    <candiate b="998588" e="500934"/>
    <candiate b="513640" e="526263"/>
    <candiate b="129817" e="587733"/>
    <candiate b="1820" e="921851"/>
    <candiate b="287584" e="550539"/>
    <candiate b="299160" e="548820"/>
    <candiate b="860621" e="506386"/>
    <candiate b="529258" e="525059"/>
    <candiate b="586297" e="521017"/>
    <candiate b="953406" e="502616"/>
    <candiate b="441234" e="532410"/>
    <candiate b="986217" e="501386"/>
    <candiate b="781938" e="509957"/>
    <candiate b="461247" e="530595"/>
    <candiate b="735424" e="512277"/>
    <candiate b="146623" e="581722"/>
    <candiate b="839838" e="507288"/>
    <candiate b="510667" e="526494"/>
    <candiate b="935085" e="503327"/>
    <candiate b="737523" e="512167"/>
    <candiate b="303455" e="548204"/>
    <candiate b="992779" e="501145"/>
    <candiate b="60240" e="628739"/>
    <candiate b="939095" e="503174"/>
    <candiate b="794368" e="509370"/>
    <candiate b="501825" e="527189"/>
    <candiate b="459028" e="530798"/>
    <candiate b="884641" e="505363"/>
    <candiate b="512287" e="526364"/>
    <candiate b="835165" e="507499"/>
    <candiate b="307723" e="547590"/>
    <candiate b="160587" e="577304"/>
    <candiate b="735043" e="512300"/>
    <candiate b="493289" e="527887"/>
    <candiate b="110717" e="595785"/>
    <candiate b="306480" e="547772"/>
    <candiate b="318593" e="546089"/>
    <candiate b="179810" e="571911"/>
    <candiate b="200531" e="566799"/>
    <candiate b="314999" e="546580"/>
    <candiate b="197020" e="567622"/>
    <candiate b="301465" e="548487"/>
    <candiate b="237808" e="559000"/>
    <candiate b="131944" e="586923"/>
    <candiate b="882527" e="505449"/>
    <candiate b="468117" e="530003"/>
    <candiate b="711319" e="513541"/>
    <candiate b="156240" e="578628"/>
    <candiate b="965452" e="502162"/>
    <candiate b="992756" e="501148"/>
    <candiate b="437959" e="532715"/>
    <candiate b="739938" e="512046"/>
    <candiate b="614249" e="519196"/>
    <candiate b="391496" e="537356"/>
    <candiate b="62746" e="626418"/>
    <candiate b="688215" e="514806"/>
    <candiate b="75501" e="616091"/>
    <candiate b="883573" e="505412"/>
    <candiate b="558824" e="522910"/>
    <candiate b="759371" e="511061"/>
    <candiate b="173913" e="573489"/>
    <candiate b="891351" e="505089"/>
    <candiate b="727464" e="512693"/>
    <candiate b="164833" e="576051"/>
    <candiate b="812317" e="508529"/>
    <candiate b="540320" e="524243"/>
    <candiate b="698061" e="514257"/>
    <candiate b="69149" e="620952"/>
    <candiate b="471673" e="529694"/>
    <candiate b="159092" e="577753"/>
    <candiate b="428134" e="533653"/>
    <candiate b="89997" e="606608"/>
    <candiate b="711061" e="513557"/>
    <candiate b="779403" e="510081"/>
    <candiate b="203327" e="566155"/>
    <candiate b="798176" e="509187"/>
    <candiate b="667688" e="515963"/>
    <candiate b="636120" e="517833"/>
    <candiate b="137410" e="584913"/>
    <candiate b="217615" e="563034"/>
    <candiate b="556887" e="523038"/>
    <candiate b="667229" e="515991"/>
    <candiate b="672276" e="515708"/>
    <candiate b="325361" e="545187"/>
    <candiate b="172115" e="573985"/>
    <candiate b="13846" e="725685"/>
  </candidates>
</order>
