<?xml version="1.0" encoding="UTF-8"?>
<order>
  <meta>
    <name>Enoteca</name>
    <desc>
Si richiede di creare un programma, con interfaccia a riga di comando, che ci aiuta a gestire il magazzino di una Enoteca, per la creazione completa del progetto si fanno le seguenti richieste:
    </desc>
    <constraints>
      <constrain>
        Usare l'Interfaccia
      </constrain>
      <constrain>
        Tenere traccia dei Vini in base al Nome del Prodotto
      </constrain>
      <constrain>
        Tenere traccia dei Vini in base al Nome del Produttore del Vino
      </constrain>
      <constrain>
        Tenere traccia dei Vini in base all’Annata
      </constrain>
      <constrain>
        Tenere traccia dei Vini in base alla Regione di Produzione
      </constrain>
      <constrain>
        Tenere traccia dei Vini in base al costo del Singolo Pezzo
      </constrain>
    </constraints>
    <queries>
      <query>Stampare la lista dei vini contenuti nel magazzino</query>
      <query>Stampare la quantità di bottiglie per ogni Vino</query>
      <query>Stampare la quantità di Bottiglie per ogni Produttore</query>
      <query>Stampare il possibile guadagno in Multi-valuta, data come variabile esterna la valuta desiderata</query>
      <query>Data una certa fascia di Annata (es. dal 1990 al 2015) stampare tutti i vini</query>
    </queries>
  </meta>
  <wines>
    <wine>
      <name>Tavernello</name>
      <price val="$">5.50</price>
      <cont>5</cont>
      <date>
        2015
      </date>
      <geo>
        Lombardia
      </geo>
      <farmer>
        Gastaldi
      </farmer>
    </wine>
    <wine>
      <name>Chianti</name>
      <price val="€">12.50</price>
      <cont>20</cont>
      <date>
        2013
      </date>
      <geo>
        Catania
      </geo>
      <farmer>
        Bellucci
      </farmer>
    </wine>
    <wine>
      <name>Sangiovese</name>
      <price val="€">23.32</price>
      <cont>2</cont>
      <date>
        1988
      </date>
      <geo>
        Veneto
      </geo>
      <farmer>
        Gorizia
      </farmer>
    </wine>   
    <wine>
      <name>Bolloc</name>
      <price val="€">5463.097</price>
      <cont>20</cont>
      <date>
        1789
      </date>
      <geo>
        Parigi
      </geo>
      <farmer>
        Il Francesino
      </farmer>
    </wine>
    <wine>
      <name>Frizzantino</name>
      <price val="$">123.3456</price>
      <cont>456</cont>
      <date>
        1990
      </date>
      <geo>
        Brescia
      </geo>
      <farmer>
        Pota
      </farmer>
    </wine>
      <wine>
        <name>Botarga</name>
        <price val="$">234234.34</price>
        <cont>13</cont>
        <date>
          160
        </date>
        <geo>
          Palestina
        </geo>
        <farmer>
          Krafel
        </farmer>
      </wine>
  </wines>
</order>
